age,tenure,usage_hrs,support_calls,prediction
56,4,82.74478956003439,1,1
69,7,32.84389703410254,1,1
46,9,32.12266953755377,1,1
32,2,46.248795861602666,4,1
60,3,90.5178517819871,0,1
25,8,10.03985032934871,4,0
38,6,91.12447869777415,3,0
56,0,23.8426322177447,0,0
36,3,99.10777384607339,3,1
40,3,95.93622937346213,0,1
28,8,54.5207670632155,4,0
28,5,56.144822303136536,1,1
41,8,53.339440624826885,2,1
53,5,67.18992810935704,1,1
57,5,18.164953201143792,4,0
41,4,12.935615350740985,0,0
20,4,15.193263557430898,1,0
39,1,49.99288143173629,4,0
19,7,34.7993145297535,3,0
41,7,65.98356061338944,2,1
61,0,99.31980604373011,1,1
47,7,44.769085576881935,0,1
55,4,61.6457128694062,3,1
19,1,47.40435063166019,4,0
38,1,86.25445009496734,2,0
50,5,91.20127631160143,0,1
29,8,88.9620050984734,4,0
39,0,97.69350148113318,4,1
61,5,12.476726662637375,1,1
42,8,85.58345459309778,1,1
66,7,77.6594955735184,0,1
44,5,30.582496846032832,4,0
59,2,96.06880840487747,1,1
45,7,23.33601354069509,2,0
33,8,71.15949344205175,2,1
32,0,30.240119513432123,4,1
64,8,48.82425838966672,1,1
68,5,74.7243907250112,0,1
61,5,60.6992177829742,0,0
69,3,48.47516481953005,0,1
20,0,39.37045878387885,2,0
54,9,85.56936901379113,1,1
68,7,22.943291528333233,1,1
24,1,48.709258887682005,2,1
38,0,91.3381814597628,0,0
26,1,86.1264595413971,0,1
56,0,46.0847586225742,4,1
35,0,78.67975272411775,3,1
21,8,84.08447476379733,1,1
42,0,89.99986816032667,1,1
31,3,59.00551921443052,1,0
67,9,28.40147974492406,3,0
26,5,32.977816885353846,4,1
43,6,36.61252066374438,3,1
19,1,63.4422232728654,0,0
37,5,12.95286617157476,0,1
45,6,67.24382219019715,1,0
64,9,42.79188145854088,2,1
24,9,36.5717622240678,1,1
61,1,89.15469136553138,2,0
25,1,51.4002156022719,3,1
64,9,18.55477409794235,0,0
52,6,84.40720912236223,2,0
31,0,14.287713169285594,3,0
34,7,75.4074301751377,0,1
53,2,79.65155995935986,2,0
67,5,41.73423453359724,1,0
57,8,84.2309070650008,1,1
21,5,56.40934652708081,1,1
19,8,51.696428794551714,3,1
23,6,14.08629533218233,1,1
59,8,36.10262742840153,4,1
21,1,93.79089737967698,0,1
46,7,45.264156695515,3,0
35,7,59.203046850109146,1,1
43,1,57.88195110858266,0,0
61,3,63.1387980840424,2,1
51,6,15.519786007895435,1,0
27,3,42.59586293188555,0,0
53,3,75.08154464942987,4,1
31,5,28.050422596568463,2,1
48,9,28.322053979172438,4,0
65,5,10.908154602012225,0,1
32,9,49.37337339473888,4,1
25,2,89.44609426060798,0,0
31,8,14.671084922857812,0,0
40,9,27.200683854640236,4,0
57,1,37.90760845084796,0,1
38,5,75.85522629077916,1,1
33,6,67.65720335223278,0,1
62,8,47.434951412366956,3,1
35,2,78.31620453325381,0,0
64,9,64.86679104912118,3,1
41,2,90.64367196914972,0,0
43,6,83.62240742248237,0,1
42,3,32.75322454802805,4,1
62,7,34.42947198707802,1,0
58,6,21.282082821314706,1,1
46,4,40.32682531457109,2,1
32,6,99.95895268471848,4,0
62,2,46.51760517535549,4,1
18,1,29.843959122019577,1,0
42,5,78.62345960279977,4,0
24,1,58.82239031163905,1,0
26,2,23.46413045742573,4,0
41,5,44.26207130447792,0,1
18,4,47.302274398540895,1,1
61,7,77.84467305122968,1,1
25,8,11.860423200271402,3,0
41,2,34.21176821184794,4,1
28,9,56.58366711839698,4,1
68,2,34.196206820755904,1,1
34,2,66.5590642677099,0,1
25,5,53.368073134715495,0,0
52,0,42.55392293736226,0,0
52,6,95.4287764183461,4,1
50,0,66.89435492678116,3,0
22,4,21.69472350411471,1,1
59,9,60.408252769905594,2,1
56,7,80.26586678808108,3,1
58,3,73.76407277435176,2,0
45,4,25.488030636573345,3,1
24,3,97.5177999136093,0,0
26,3,50.39322811719454,4,0
25,7,24.312250336623517,2,1
29,1,26.217617871533314,3,0
51,0,18.841149297017246,4,0
50,2,82.31662975914409,2,1
65,8,20.98274448896638,1,0
40,3,21.261273142757226,3,0
41,9,86.5424453284754,1,1
54,4,41.014367600280366,0,1
52,1,12.77721138772652,1,0
61,3,14.670576956656978,1,1
57,1,22.7953402033506,3,1
39,1,29.205401317812058,0,0
44,3,69.86315748145648,1,0
52,5,24.159365200164544,4,1
18,6,20.69869520593648,2,0
52,9,78.82472273286513,1,1
54,2,70.39497554739229,0,1
64,2,49.17917993097126,1,0
31,9,59.43787943320935,2,0
20,5,38.07856182937766,0,1
18,2,53.42503782118246,3,1
22,1,55.60053840844712,0,1
43,7,44.85135440602863,3,1
31,4,91.59149896049465,0,0
56,0,11.445567848290553,2,1
44,2,80.39541367821215,2,0
26,9,21.19445481171919,0,0
32,7,81.77926244834795,1,1
32,3,65.43207241090491,2,0
43,6,85.89502818427621,3,0
59,9,18.77628930768077,3,1
30,1,60.308257068979664,4,0
68,6,55.09790922359774,3,0
49,4,73.55738646670228,4,1
56,4,58.08614967043082,0,1
66,5,58.66611104197938,0,1
69,8,48.66363492184582,0,1
49,5,37.79509816066068,1,1
21,7,53.403792512697294,1,1
47,6,20.66431228915605,4,1
54,8,96.53620050847763,3,0
40,3,74.29696872639384,3,0
56,1,95.7220405019062,0,1
62,6,30.405464409696695,2,0
32,5,89.14069181588752,1,0
60,0,82.79109861071846,1,1
46,8,70.94371712119063,0,0
53,8,66.25262674766851,1,1
30,1,38.4894698741083,0,0
49,2,83.47697064685276,4,1
24,4,55.136391533176045,3,0
68,4,16.38024183021568,2,0
39,0,38.1576844769617,3,0
45,7,94.17673886907949,3,1
19,7,86.56122345443616,4,0
59,3,98.37151282688852,1,0
62,6,66.51940443436882,2,1
23,9,32.27590658263708,1,1
45,2,24.65335447091774,3,0
45,5,26.822299654761547,0,0
61,9,11.781609251252895,3,0
61,9,45.16138998873453,1,0
37,8,27.228491244958825,3,1
47,0,47.04899144110322,0,0
28,4,94.14949886548888,4,0
45,3,48.748618855647095,1,1
42,7,89.01860472863514,3,0
56,0,64.49542899542888,1,0
50,8,32.241839919525276,4,0
18,5,42.026928333329025,3,1
44,3,17.55275822392865,3,1
69,8,40.011633423640944,1,0
30,4,70.97868509531807,1,0
58,4,16.489998363649168,0,1
20,4,28.48612676302264,4,0
56,0,44.329693727198034,0,0
23,0,98.38445833143663,3,1
25,7,80.63756406629922,1,1
44,7,76.01380718428935,3,1
26,5,20.45718608729014,3,0
54,3,80.28963042534923,2,0
50,1,80.67419303644137,2,0
68,1,64.09924260618955,3,0
59,8,99.13256037985347,1,1
61,4,39.272851533209675,3,0
41,3,94.71452034176664,2,0
32,9,92.32580034608533,1,1
49,0,11.033259377444006,3,1
49,6,50.510487382733,4,0
41,2,97.93938097464161,4,1
58,5,19.28092261672682,3,1
69,4,59.300622494498754,1,0
66,4,98.10617563369937,3,0
66,4,59.99458816952742,3,0
69,0,27.08337726749404,2,0
29,0,62.396490708333076,4,1
56,2,28.399651655459216,2,1
19,9,56.77338366050358,2,0
20,3,16.66379961211132,3,0
66,4,64.49344022929641,2,1
54,1,56.51109452153424,4,0
66,7,76.61452318853168,2,0
34,1,66.76304240429066,4,0
66,8,59.4645641677681,2,0
19,1,72.0800964323309,4,1
19,8,22.954772221500775,2,0
45,6,63.582369513274365,2,1
40,7,25.48995425404999,1,0
54,1,93.29699870666929,4,0
49,6,16.150069436104378,4,1
50,5,48.733727472171395,4,0
18,3,72.62177298899003,0,1
36,6,51.22199905014329,2,0
19,3,18.28857279096121,4,0
61,1,59.804111451403664,0,0
43,9,67.74687179446191,1,0
49,6,73.34130798914569,4,0
23,7,43.5933833016483,4,1
49,1,60.729397392588595,0,1
21,4,50.56178274450218,2,0
28,0,70.48504348770281,1,0
34,6,62.520127059233666,4,1
55,7,57.318059760322136,2,1
41,5,32.45719301544238,1,0
22,4,10.181666597341053,3,0
69,5,25.667350778028634,3,1
51,1,20.53594372817518,1,0
23,0,50.41762705098521,0,1
39,6,65.10323356856601,1,0
28,6,29.177650781632735,1,1
65,9,94.51513863704685,0,1
33,9,10.6013916301499,0,0
50,1,79.50709136488086,2,1
26,1,66.2684292577398,2,0
23,0,43.61993209429137,0,0
33,9,14.544004997116712,3,0
46,7,66.47379146058515,3,0
20,7,44.705216157908325,1,1
37,0,94.26404254718972,4,0
53,7,58.77910674007893,1,0
36,8,94.56863601641574,1,0
43,3,29.84353241259737,4,0
20,0,75.3153319327693,0,1
36,0,65.5524118763853,3,0
37,2,76.54674068481806,1,1
49,4,29.320107757528312,4,1
24,4,69.84950646139964,2,1
69,8,54.82363537511821,1,0
58,9,76.85424774156846,3,0
50,1,39.4340179736636,0,0
57,1,90.10513229187274,1,0
56,5,17.587118315021534,1,1
35,8,82.64703869120693,4,1
57,0,87.51876632335818,2,0
18,8,83.5527080230139,2,0
28,8,56.14537548355984,0,0
45,8,49.45464820276852,3,0
42,4,99.66360578723891,0,0
67,8,30.62547560927459,1,0
40,3,59.21883692884401,1,0
48,1,70.3607972844093,2,1
47,5,73.07808722752888,3,1
59,3,28.362219916472082,4,1
52,5,68.85946831058212,3,1
24,2,83.65326098332035,1,0
33,5,14.501671913900099,4,0
43,1,92.03691639927848,3,0
65,1,12.655364963068534,3,0
69,8,42.037392923955494,4,0
66,6,11.423187660966587,1,1
19,2,16.943065168562367,3,0
18,0,92.00514566620711,4,1
65,7,41.937474767153304,1,0
29,5,48.22943773825476,4,1
22,6,29.380994324429736,4,0
54,8,63.73861931680478,3,1
49,4,63.532289321001066,1,0
26,0,43.49803526426973,3,0
58,9,39.973138462485856,0,0
52,6,89.6467877362529,0,0
36,4,44.495581567798126,1,1
65,2,54.41508929389674,4,0
33,8,35.49742861824376,3,1
20,0,80.80925530214147,3,0
37,0,45.77033412091825,1,1
41,0,56.22499418898921,1,0
50,2,32.80214530536953,0,0
41,5,98.88936331071265,2,1
69,9,36.23461668313506,1,0
28,2,79.36682778149965,2,0
66,7,48.47460853210833,1,1
25,9,28.55956645757259,4,0
53,1,81.97468875683751,4,1
55,8,40.02461101261389,0,0
57,2,87.867401265803,0,1
37,4,92.37314664260407,2,1
52,9,87.38414518521483,1,1
65,7,13.150712332612509,3,1
42,1,80.86360105045951,0,0
52,5,47.020551984922946,3,0
42,4,88.63506281640026,3,1
46,9,67.4158836416265,1,0
35,8,85.02788207295626,2,0
63,4,54.94885928801518,1,0
35,1,58.15229541390396,0,1
19,4,22.994886892030053,3,0
52,3,80.55886228204199,1,0
33,6,47.74506505002745,1,1
58,5,55.00721064444244,1,0
53,1,80.65879426861369,0,1
50,4,63.896086007149506,2,1
21,6,28.09888546984007,1,1
50,6,63.120939323580345,0,0
31,4,46.68695721816902,3,0
38,8,52.25729878394764,4,1
65,3,12.5480146962401,0,1
37,2,28.902641456465343,4,1
25,3,35.293427324292544,1,1
24,4,74.16640070729252,1,1
20,5,11.034322596830378,0,1
34,2,46.789953510621885,4,0
50,1,93.16241833831596,1,1
65,3,20.069255489421145,3,1
29,4,56.47819493967499,2,1
68,3,80.78701441517623,2,0
39,2,94.8278176768105,1,0
39,7,77.20989755803461,4,0
63,9,74.85089937799656,1,0
47,3,84.38392811761862,4,1
55,1,50.15810988797893,3,0
55,1,82.52600793560498,4,1
62,0,10.716796427090602,1,1
68,3,93.21049498391244,3,1
25,9,49.89758585654578,0,1
44,8,59.80421690791729,2,1
44,6,32.93940240233941,1,1
51,9,76.82777495563793,1,0
38,6,16.897222582772393,1,0
47,6,88.53722222921517,3,0
50,7,84.53051461057085,0,0
45,0,29.445410462028974,4,0
64,9,82.83919584567361,0,1
50,9,80.77219597553334,3,0
22,7,66.89949379785541,1,0
65,3,43.61681592097188,2,0
36,3,34.43488787636811,1,1
21,3,30.860523126041503,4,1
52,5,38.67480664872465,2,1
66,6,91.32025990892772,1,0
34,5,16.987669838990314,2,0
61,0,84.59841486276628,0,0
45,7,41.40010675376412,3,0
47,9,56.94394564102224,1,0
46,6,81.50370702836416,4,1
63,5,89.59388923206741,0,0
23,5,41.03032780653823,1,1
52,4,51.56591331475993,0,0
58,5,47.306445833511304,4,1
54,8,11.19259301535195,1,1
41,9,36.634859997279094,4,1
46,8,51.32703103593057,2,1
66,9,46.99842479923958,4,0
63,7,74.97363047641115,2,0
48,9,44.63232554989929,1,0
52,8,54.04388040736032,2,1
50,9,48.6647732919127,1,0
69,7,76.65635340049334,1,0
38,7,87.66751590882663,3,0
49,0,57.87001711067627,1,0
40,9,81.04889747756721,2,1
50,4,36.71080138178655,3,1
20,3,58.723264914154186,3,0
35,1,41.07069583029752,1,0
42,7,47.278083301464726,4,0
59,2,75.91724783314017,4,1
48,3,89.34962340994414,3,1
20,6,20.934585197898887,1,1
57,9,67.11753308386425,4,0
63,8,62.392942682001866,1,1
41,1,20.65735352583387,1,1
67,2,29.07048973960982,3,1
49,3,37.99022452594122,3,1
64,9,25.02379637357513,0,1
39,0,31.93565342719076,4,0
40,6,34.08407189755368,4,0
19,1,40.210644973515365,4,0
44,4,77.44514075210431,2,0
59,0,61.47209834655406,1,1
19,2,98.76220047562613,3,0
43,1,47.32622442707239,4,0
34,0,77.84785664532325,0,0
57,6,88.43215792388804,4,1
50,4,71.10806437342377,1,0
26,0,47.06782663757464,1,1
60,5,77.82351676711777,3,1
65,4,28.330042399541636,2,1
56,2,39.479694866211915,3,0
46,6,59.20167295893599,4,1
59,9,61.78684485575335,0,0
43,8,11.992732792536652,3,0
52,8,95.06027698804078,2,0
67,8,72.69645440956509,3,1
42,1,54.613337520870196,1,1
41,2,93.98145109674775,4,0
30,6,49.51860087257457,4,1
24,4,98.23920132433346,4,1
53,1,56.105628151913656,4,1
62,2,20.28571929981815,4,0
37,9,78.83208752133496,4,1
18,5,71.10079525700564,0,1
25,6,79.5688049175028,2,0
63,8,95.62978258531129,4,1
33,0,79.88403723859163,2,0
31,6,65.02029419949822,4,1
29,7,87.15780121247568,3,1
68,2,70.59217954190784,4,1
40,3,46.73071511433308,1,1
32,9,89.70577878175959,0,1
45,5,29.97104147059356,3,1
51,9,74.31771474178518,3,0
19,6,89.34071094466813,1,1
49,3,75.81848677329667,4,1
40,7,72.75478771484713,0,1
39,4,77.73744646646524,3,0
68,0,51.854972347057995,0,0
42,3,88.67536139413234,3,0
39,2,28.30928276224821,4,1
39,8,21.464777440030534,3,1
66,7,35.69579021066604,3,0
69,0,57.84196570974938,2,0
59,5,55.95056158684043,4,0
23,8,83.8538881908928,1,1
32,6,46.41117907636156,1,0
60,3,53.59099836623578,4,1
54,0,11.203091493345607,1,1
50,1,46.876531279864516,4,1
25,4,68.29968096553078,1,0
61,4,11.395749756393297,2,1
61,7,35.279376866761936,1,0
22,5,28.716072336045094,3,0
56,7,13.77868860186294,4,0
21,1,53.13340809230837,0,0
23,2,26.355096390534086,0,1
62,5,76.8773385668242,4,1
49,9,86.31350953870137,2,1
69,2,59.1026664402233,1,1
47,5,98.35366082690274,2,0
64,5,50.54307143235358,0,0
52,1,56.203138920242395,4,0
57,6,99.02959785619751,4,0
69,1,30.839359236854392,2,1
33,5,94.82913457092147,2,0
30,0,13.855379960720192,1,1
67,2,50.17482012368753,3,0
59,1,16.30031609197592,3,0
47,6,75.63112686222787,1,0
36,3,64.7568042292016,3,0
34,7,73.59708371208367,0,1
36,5,43.703235997121524,3,1
45,9,43.25337406282423,1,1
43,3,14.078735106480515,3,1
54,4,41.49504455766758,4,0
43,8,93.63595620358535,2,0
40,6,44.13038834624041,0,1
26,9,84.8230935599773,4,1
29,8,85.80929542749406,4,0
18,6,43.591704074131044,1,0
18,0,66.87898123565701,2,1
64,7,18.583444204575276,2,1
51,3,19.331072266084885,0,1
49,2,14.379189729554199,1,0
65,6,62.29135840375985,0,1
42,2,48.34638798634873,3,1
57,7,59.32291209978161,4,1
62,5,56.89658714575491,0,1
18,4,41.518269198165726,4,1
33,3,70.97260733411257,1,0
56,7,78.26516928247516,3,1
22,7,11.316543298990814,1,0
39,0,28.651806979199048,3,1
46,8,74.19122812750031,3,1
20,4,44.79581553704508,4,1
29,3,69.62355522474473,1,0
43,5,41.226639376110256,1,0
33,5,45.16796370966734,0,0
68,1,24.281098632071643,1,1
54,7,33.2407917699544,0,1
39,6,64.48705817568285,2,0
46,0,48.984680018364976,2,0
31,4,79.68724146501356,2,1
45,5,86.73264594445085,1,0
22,3,58.748177639508384,1,1
64,1,78.24405628504532,0,0
66,3,37.621406187511305,3,0
47,0,47.34740938600704,0,0
63,6,74.14999085951479,2,1
69,1,44.75907935353276,0,1
22,1,62.96544416430899,3,0
29,8,26.683550117426034,1,1
33,4,63.97941834734482,0,1
43,1,87.53623365042043,2,1
43,8,88.1775675841083,2,1
65,8,75.19099656965857,1,0
38,0,77.11780411685135,0,1
56,2,60.213470063563065,3,1
53,3,62.62012811492423,1,0
50,6,22.02855232694662,0,1
47,9,49.9473269579171,4,1
54,3,50.56986554977274,2,1
40,1,96.26480521009661,3,0
27,6,48.79781763609605,3,0
22,5,59.440838041248185,3,1
53,2,57.99262593511922,2,1
51,5,67.30855453398945,0,0
69,5,77.34095481987063,1,0
48,4,30.253768855378492,0,0
27,3,57.58519771885921,1,1
36,9,84.33259365844273,3,1
49,0,51.680324245376035,0,0
18,9,35.06117917362157,3,1
22,5,68.92381678206692,4,1
62,1,84.13906562192106,3,1
21,2,15.682626363465218,3,1
33,7,79.91114350665045,1,1
41,9,83.94831396655941,4,1
33,5,51.53706348297461,3,1
19,2,98.49750911366206,3,0
66,6,80.80375066365782,4,0
45,3,79.62963084060992,4,0
49,8,77.30547169708646,0,0
44,4,23.554729289644662,1,0
37,2,29.550779780770974,4,0
41,1,51.75911183179825,4,0
29,1,33.76039149635193,2,0
67,2,47.37168751006364,4,0
52,1,89.96176989306286,1,1
50,3,84.18942026913423,3,1
50,1,66.7035890631984,3,0
68,9,87.23083548259932,3,1
60,8,80.53951501155242,3,1
54,1,48.60864386568014,2,0
29,8,28.09586368449506,4,0
20,5,56.27809360084053,3,0
18,0,76.26059942756952,0,1
50,3,49.27776388566337,3,1
57,0,70.00947188055075,4,0
27,5,18.489468366193925,3,1
60,3,77.3204262734263,2,1
61,2,83.14422579037559,1,1
46,2,73.6154070202487,1,0
30,8,97.0537228773729,4,1
29,5,84.39868517145764,1,1
48,8,91.27843550888845,1,1
63,4,94.02139751118833,0,1
19,1,82.12131926864276,4,1
68,7,70.68329578058491,4,1
67,4,10.514672322471036,1,1
52,1,51.924317790081226,1,0
40,3,61.404606876012494,1,0
34,8,37.362724520319965,2,1
43,3,38.62940022131249,3,0
25,3,96.50434741391487,2,1
46,1,90.25397786824713,4,1
43,5,86.42611049515338,0,1
27,1,46.54106215354996,3,0
43,6,11.232869536802308,0,1
51,2,17.220002181014266,4,1
68,2,38.09767313958433,4,0
58,4,11.416862169610928,0,0
24,2,11.54348037236783,0,1
21,1,92.494297147817,0,0
67,9,73.55426519071487,4,0
62,8,37.80603910613374,1,1
28,1,21.938011984085783,0,1
46,1,56.04721461055694,3,1
53,7,10.4811544768928,4,0
42,8,94.45723694723296,2,0
38,6,47.33336074500525,2,0
53,2,46.21014597135995,3,1
27,8,45.153424682360395,1,0
54,2,16.23954973489883,0,0
26,4,67.4490015812644,4,1
41,8,75.97032576655181,0,1
52,2,70.85128578294612,4,1
66,6,22.459194399645487,2,0
52,0,62.09561512320333,0,1
65,3,61.253603575502844,3,0
53,3,88.15697091472438,1,0
35,6,44.12148925380823,3,1
66,7,43.43373492934908,1,1
56,0,65.6674352846367,0,1
49,4,66.97653881495617,0,1
41,6,52.235670459321135,1,1
40,3,49.8753426097379,2,0
49,3,54.47329035740944,4,0
54,3,87.49407695529807,3,0
29,5,51.5050211128519,3,1
66,6,94.59386127728402,3,0
30,1,55.360338723669344,0,1
40,4,95.42806238628023,3,1
42,3,84.95487116821681,4,0
52,2,42.61881903542462,4,0
58,6,87.72772791669544,1,1
47,5,19.90569557810037,0,0
34,6,93.2542457808713,4,1
66,4,66.84791635746025,2,0
37,5,14.895167367008007,0,0
65,4,67.98310512857304,0,0
42,6,97.68228887302806,4,0
39,1,16.282058915316604,2,0
30,4,59.92189388020777,1,1
36,5,77.30149147834352,4,0
66,5,82.92327280295783,2,0
53,4,47.24447187887163,0,0
29,9,28.37499032514187,2,1
58,6,13.810805089514545,0,1
36,9,62.17535413875023,4,1
29,7,50.76199632408497,4,1
26,6,95.38699556347399,3,1
24,4,15.454441694341881,3,0
45,0,71.68558091014052,3,0
31,4,12.246959990805145,4,0
48,9,25.429075903948846,1,1
69,1,50.82210999305507,4,1
36,4,50.93851985225814,2,0
64,4,71.71304886402795,4,1
33,1,91.9191731380981,4,1
22,4,67.51289430234287,0,1
52,3,95.8181588066358,0,0
29,0,89.34540758901979,0,0
42,2,62.60498159777112,4,1
69,0,85.04127558269445,1,1
38,4,67.83198492912706,2,1
53,3,17.070204783135445,2,1
40,6,76.65082509335589,1,0
33,4,18.541759714061158,1,1
56,9,63.467450251274116,2,0
62,3,73.2376185272406,3,0
59,1,15.98748473897697,0,0
56,3,30.771518853387857,0,1
31,1,92.41050090354848,2,0
48,7,65.46830430096067,1,0
22,2,32.16574169294784,3,1
52,8,72.16117940332059,2,1
40,3,63.709877796552064,0,1
46,5,55.14181299261536,4,0
60,9,97.85682774892753,1,1
28,4,71.5108399666758,4,0
35,9,43.78969987011214,2,0
64,0,82.00660888691812,0,1
29,8,89.6124963629069,3,0
26,0,21.269850356514826,4,0
27,7,28.049768006073982,3,0
61,8,29.46043082150017,0,0
34,8,72.20906284478863,4,1
55,0,64.2735599547955,3,0
24,1,65.70924082287294,3,1
63,0,94.66959697205509,4,0
30,9,79.83203795265753,0,0
57,1,21.514323206060485,3,1
59,9,41.27563741826629,2,0
26,7,49.185428155816204,4,0
67,4,45.63654298728444,1,0
44,6,70.23777482456913,1,0
19,1,90.27037929309063,0,0
22,7,37.54463171705092,2,0
46,5,59.66894227790671,3,1
54,7,81.04684797222271,1,1
55,0,47.45962529608144,0,1
36,0,25.130631555936628,2,0
25,6,52.745586873737345,2,0
65,7,14.970026866872562,0,0
62,2,94.81451086020492,0,1
18,4,16.73390846754757,3,0
39,0,49.461104372552036,0,1
69,6,57.689313497967355,3,0
34,4,98.67734490585569,3,0
24,7,24.94196412785747,4,0
42,7,20.29883667511227,2,1
62,8,10.783553235628922,2,0
21,6,24.001429318237207,2,1
53,0,28.654568116090086,4,0
23,2,66.75228474247831,3,0
48,7,29.773611135226037,3,1
36,2,11.846873325639269,0,0
61,7,84.39565109522398,4,0
56,0,42.90361309035701,0,0
44,4,41.83270179226606,4,0
27,3,37.223112625113394,0,1
43,4,97.78359494317787,1,1
36,7,25.310387557835334,2,0
56,9,90.84142575579116,2,0
20,3,79.91229989258991,3,1
62,3,16.883195994938177,1,0
30,2,98.80561913507638,2,1
67,6,34.42293671851095,3,0
45,2,18.87246343201711,1,1
37,2,84.63828107131835,2,1
45,9,73.60079803099299,0,1
25,4,65.54969252901107,4,1
58,4,24.038277732903985,1,0
56,5,53.06465046303657,3,0
18,7,80.25004241984924,1,1
20,9,37.32615443294562,3,1
30,5,38.052084566353734,1,1
45,0,10.282681544330991,3,1
66,7,25.68190614808416,2,0
42,7,88.78650626096508,0,1
50,8,49.75718424739364,2,1
55,8,98.58110493109906,0,1
23,1,45.61371672164133,2,1
61,1,74.36678093022171,2,1
62,2,35.37271386142562,1,1
49,0,42.742867702684016,4,1
62,3,27.165338883180517,3,0
64,3,41.23561316494555,3,1
38,8,59.25137683785788,3,1
33,8,99.25955928813245,0,1
38,8,69.7781541764607,3,0
28,9,27.932135896748264,3,0
54,6,14.046529743239603,1,0
53,1,21.372083318305954,2,1
52,9,60.62996811457426,3,1
36,4,78.86442959350897,4,1
37,3,94.63772865706723,3,0
35,7,11.424085479713874,0,1
64,1,57.04841274056828,0,0
58,5,52.37806206008591,0,0
66,4,69.04495197781335,3,0
31,1,60.362096901880776,1,0
32,9,71.83352355242324,4,0
48,0,69.22743262742713,3,1
18,7,20.531055237215156,1,1
20,1,81.97461222568477,1,0
33,6,21.090931814469236,3,1
40,8,72.86775626882233,3,1
28,8,47.453083087654605,1,0
29,7,56.24656611189381,1,0
27,9,91.29682129381395,1,1
49,8,90.08953538261379,3,1
33,1,83.60706750895265,1,1
25,5,55.913354241069094,0,1
55,3,76.26158291204499,3,0
29,3,56.160734996692845,0,1
41,4,88.26454742272998,2,0
45,2,46.24982499096099,3,0
25,0,97.32118099733891,2,1
45,7,93.90904824059898,1,1
53,4,76.74423575066069,1,1
43,2,35.14742957584648,4,0
25,9,21.848822991393256,1,0
67,6,86.92331050838777,2,0
45,6,24.877205752416515,1,0
45,0,86.88347100976021,3,1
54,8,54.16885060411244,1,0
58,1,46.59011054272938,4,0
53,4,91.28717009509862,1,1
44,4,64.34658842862501,2,0
34,7,61.8952606416746,2,0
26,7,60.288935016195786,1,1
50,6,43.40525644175783,2,0
37,6,80.70787931762145,2,0
30,5,32.75185996141957,4,0
45,5,94.50054640371475,3,0
65,8,90.45866845422647,4,1
46,5,40.37322931074083,0,0
30,1,75.65173928484974,4,1
63,1,61.590087500463234,1,0
52,4,40.38843717993112,3,1
23,3,98.9669483195902,1,1
35,1,12.271361126343779,0,1
68,2,32.738142755915796,3,0
22,6,56.80666550000353,2,0
64,7,56.97577031307075,4,0
42,5,63.00397674510077,1,1
19,4,77.65085548206274,0,0
27,0,66.11300474673668,2,0
47,7,64.02533144752333,4,0
67,2,14.816301662173895,2,0
62,5,43.887725901036845,4,1
22,2,30.88501657310404,3,1
50,6,33.88331004417779,2,0
18,6,59.89037269063104,2,0
35,8,27.95547834366476,2,0
49,4,36.45541909152078,3,1
64,7,31.337623766560608,0,0
66,9,95.36526488963753,4,1
28,9,95.01991589539857,2,1
38,7,64.89474027364466,3,0
43,0,93.207022185871,0,0
42,4,80.72313809215359,4,0
39,2,63.09530945216279,3,1
44,0,10.579169034711613,4,1
66,3,79.52646574714636,2,0
30,7,73.2239507429622,0,1
50,2,65.37282879541726,3,0
51,9,78.43818805142246,0,0
58,1,56.162994829728916,2,1
52,8,73.36749441892051,0,1
18,9,94.1654878053844,0,1
38,4,43.822451426147765,1,1
65,6,73.73096514105629,0,0
23,1,52.811903620986286,4,0
45,8,70.69596866325834,3,0
34,8,78.66040019989278,1,1
22,3,14.090725039221637,3,0
48,3,68.19403995537957,3,1
22,5,30.40670659662501,2,1
55,9,70.302928402681,2,1
20,9,52.14971673404321,1,0
40,9,79.61974676783984,2,1
54,5,21.10607336850368,2,1
54,0,66.36901164905755,2,1
27,8,35.062365603479705,3,1
27,1,86.76837957975323,1,1
36,4,93.55451550726767,3,1
34,8,99.67584643111499,4,1
38,3,81.6406662184555,3,1
31,2,77.83606633852041,4,1
26,6,29.395068298079593,0,1
63,5,40.240635309109784,0,1
18,7,51.911428758605155,4,1
68,2,79.60429430040247,4,0
62,4,92.34692785701718,3,0
30,9,27.022519002068616,4,1
21,3,93.01307362030926,1,1
18,3,72.60621871186522,0,1
66,3,64.96936576165348,0,0
57,9,27.985714415374556,4,0
49,7,14.99725295282355,2,0
51,5,61.161840865714595,2,1
45,2,68.63641149960031,4,1
48,9,28.97033044192194,1,1
25,4,60.08105852429107,2,1
56,5,87.08440624863162,4,0
43,4,85.1559350909518,1,1
51,5,93.46196625276674,1,0
20,7,42.92972286011924,3,0
67,6,38.62446152958268,1,1
29,4,77.44834053827277,2,0
18,9,48.80011645873045,2,0
61,5,17.879379762500253,4,0
22,3,35.45210176034497,4,0
47,8,47.67240569783402,1,1
47,3,36.32647829286268,0,1
34,0,39.898501385258946,3,0
65,6,36.439831555695164,0,1
64,6,13.73492504647715,1,0
40,3,67.33852307419983,1,1
32,2,63.75631783181224,0,1
54,7,68.80451486308125,3,1
38,4,27.30789064302647,0,1
31,9,36.60890874512368,4,1
19,6,65.765433425043,2,0
28,3,63.96648116139293,4,1
68,3,55.5697278418841,2,0
56,7,41.53719250091777,1,0
55,7,92.1637904297221,3,1
51,1,40.57932180689594,0,0
55,1,51.005724079352646,3,1
67,2,71.03024478587879,0,0
51,2,58.87192877800877,4,0
35,0,41.2197378727947,4,1
47,2,49.20803114108588,0,1
32,5,81.50327360681555,3,1
44,7,35.03162399379512,0,1
68,9,22.80297157991339,1,0
51,5,38.18468816467994,4,1
69,4,86.45807939391112,1,0
55,3,18.009074337071198,4,0
50,2,99.25264660352066,4,0
41,3,58.69026090348962,2,0
32,6,98.63611695703847,1,0
47,0,94.50967798773797,1,0
59,6,50.75323427898251,2,1
68,0,27.86419671448142,3,0
34,1,24.83962989086246,1,0
22,3,31.599042748296174,0,0
46,0,73.91193765080835,2,1
21,8,34.56549952583391,1,1
27,5,40.72827426438685,3,0
34,0,50.39009235951533,1,1
27,0,92.19094123793107,4,0
34,5,27.045407609636147,0,1
37,3,10.45238973488228,2,0
41,3,15.408676934035313,4,1
22,5,91.42897075121061,3,1
51,6,68.27648183590269,4,1
23,8,34.57365573950261,4,0
19,9,25.9473250910072,3,0
30,4,36.48400629734029,4,0
60,8,20.331723452615208,2,1
60,3,94.73796192559969,1,1
65,9,80.57855569287402,4,0
28,1,51.615205922128666,2,1
68,2,87.84663446036818,1,0
64,0,32.451238386390905,1,0
40,5,74.54085116249742,4,0
33,5,87.05192491123691,2,0
48,0,42.10918404609453,4,1
28,2,78.17180009056459,3,1
33,4,36.55651143378784,1,1
25,2,36.89714217331277,4,0
21,9,19.635146069876747,1,1
57,2,49.605224185845884,2,0
21,9,75.674071584768,0,0
42,2,94.61987250141564,4,0
20,4,64.34172927361865,4,0
49,4,87.6821983962165,1,0
20,3,84.02451843612043,2,0
44,0,25.600874767775277,3,1
46,4,53.72356860213683,2,1
49,9,20.523118197285232,4,1
67,4,71.39378454054714,3,1
68,3,95.49097014214684,2,0
36,5,22.338051227088084,0,0
38,9,76.04948177222872,1,1
22,3,66.90143357810749,2,1
35,6,62.524453330728974,2,1
45,6,45.11082112195053,0,1
59,1,41.96184829784313,4,1
39,2,14.072427011699908,1,1
38,0,29.61178374268121,2,1
23,7,11.36591940581442,3,1
18,8,62.327539502381846,2,0
22,3,19.526791229011796,1,0
58,5,88.57174546267444,2,0
29,8,57.082871862744874,0,0
43,5,72.97209181528376,2,1
63,8,46.97713826564468,2,0
51,3,60.45218281009438,3,1
66,7,94.83932592699675,0,0
31,8,17.44606356613037,0,1
43,3,32.85439947313265,2,1
62,4,80.19894942194898,3,0
44,7,18.886348619439925,2,0
26,9,16.809499351369976,2,1
43,5,42.53872588786347,1,1
64,6,18.295116262518906,1,1
39,2,62.65705979855828,3,0
64,6,30.364772573493983,4,0
47,7,90.6128166879435,1,1
60,9,80.5150072760731,4,0
65,5,72.97346854895285,0,1
34,9,65.52496246460518,1,0
43,8,87.7119157307317,1,0
53,5,30.07558553884812,3,0
18,8,88.57979584878049,4,0
25,3,81.05430685816471,1,0
66,7,77.3344743748917,1,1
52,3,60.513011026743165,3,1
69,1,32.16197448735401,3,0
32,9,48.11931243927067,4,1
64,8,81.42135890849214,0,1
39,4,12.8600635921592,0,0
31,3,80.38456923373825,2,1
43,1,31.606366643880985,1,0
45,0,22.98782806494427,4,1
40,6,20.413118636227196,1,1
31,5,12.45250107557336,4,1
41,1,57.12278366993076,4,1
19,7,29.643388542435652,4,1
62,3,99.04885892016684,1,1
43,7,61.69930802849852,3,1
31,6,22.40967424204094,1,0
68,4,71.98862867302289,4,0
24,9,90.79692098587527,2,0
20,9,77.06615458326529,0,0
64,7,16.87958749355029,4,1
40,8,90.62957630733936,2,1
63,4,81.45364472739683,3,1
60,9,24.24735100950529,4,0
64,4,14.660729985953518,2,0
62,1,60.15795177828777,4,0
35,4,24.04322302059792,1,1
55,2,85.11318573357448,2,0
52,6,42.25011910045064,1,1
68,9,92.16032002629179,1,0
32,4,60.91193549269052,2,1
42,7,26.44051458157013,0,0
54,0,22.56389806238201,2,1
45,2,61.88251938019785,0,0
27,2,78.56952506761995,4,0
56,8,80.33550829679639,4,1
34,4,34.81816639971532,2,1
56,8,28.382208302095073,4,0
39,8,11.508067404314417,3,1
43,0,71.12792360810525,1,0
61,1,16.89114325901851,1,1
42,4,47.868508158933324,0,0
34,3,64.15139476164666,4,1
30,9,94.33980504277093,0,0
37,8,38.06219232601918,1,0
42,6,32.47949462018678,1,0
21,5,68.87441388574885,4,1
27,6,65.73151288482235,3,0
20,0,39.88988049773121,3,1
58,0,93.5291651958808,4,1
62,7,86.03760947406695,4,1
35,1,30.158429127857303,0,0
64,9,31.522829089107088,4,1
53,8,56.10703121983725,3,1
64,6,79.62148915576483,4,1
39,5,13.963634144961794,0,0
51,0,72.4001638361236,0,1
64,0,68.34123076438873,0,1
25,1,30.83320863216894,0,1
57,5,71.3217711917214,2,1
66,5,94.61648721268743,4,0
61,1,14.210726047459167,1,0
36,0,38.76868497628563,4,1
59,9,49.435904499971976,2,1
58,4,90.93343230322206,0,1
54,4,96.6035301948241,2,1
23,1,49.970372184669905,3,0
69,5,77.5025570927972,3,0
43,8,57.84949213880347,4,0
51,1,58.40046412672388,4,0
62,9,35.02895635597208,1,1
23,1,29.526062127749157,1,1
54,2,35.920481133163705,3,0
50,6,60.06952065313714,0,0
39,5,12.62396674198801,2,1
38,7,91.65240499207653,1,1
23,7,24.06553385947986,1,1
23,5,29.80798091842479,0,1
65,9,56.64485588028817,0,1
21,2,73.91032897035514,4,0
47,2,18.615614926995757,2,0
28,0,38.5925227792446,0,1
47,6,97.18071450169214,1,1
48,4,33.61086701028511,1,0
41,3,38.17451305568322,3,1
26,9,85.28486415562301,0,0
20,3,14.519298852140972,4,0
68,3,51.81518519280738,2,0
48,5,44.16550880065032,4,0
57,7,38.4928083917786,1,1
54,7,35.71296346402881,4,1
53,4,18.22366943743683,1,0
41,5,38.334324641648394,1,1
48,3,13.874716244410171,1,1
23,8,80.28674772799917,1,1
19,7,45.84050145622105,1,1
37,9,49.951344908792045,3,0
45,9,90.42351278051184,4,1
28,0,69.22494854750987,3,0
21,1,10.725319300790781,3,0
32,8,94.88573406651565,0,1
23,7,31.34300193799401,0,0
66,2,19.685276628387296,0,1
47,7,79.1315360542794,2,1
55,0,55.04295842800464,0,0
68,9,49.03935094162158,4,1
19,3,32.45527717144676,3,0
32,2,59.27243408760868,4,0
28,5,34.69461446823287,0,1
25,6,91.14247047583608,2,1
43,3,29.36840317598735,2,1
68,6,89.59196354101782,3,0
62,8,60.346488315462125,4,1
61,1,84.5639320505717,1,0
22,2,74.15613962748594,4,0
23,4,72.70256002930736,0,1
43,2,39.19112269255501,1,1
21,7,31.050723832498313,2,1
36,9,28.97976049127093,3,0
37,7,87.14724913536298,3,1
50,7,83.8384138233118,2,0
37,8,49.65161752110766,0,1
66,3,21.916415214680914,2,1
29,4,44.402702677971256,0,0
64,4,65.74091087232202,1,0
18,7,50.89628390319575,2,1
43,6,80.21703416346955,0,1
31,8,99.7860540026247,1,1
55,7,27.201887960400715,2,1
54,1,51.36857376936152,3,1
28,9,48.78855117287398,2,0
53,3,37.40432794740558,4,0
30,5,27.828596504826063,2,0
60,1,15.91229048406933,4,0
20,6,89.84073855013285,1,1
50,2,47.78638279176859,2,0
23,2,54.7205966650044,1,0
67,1,92.52478433808243,1,0
27,7,79.8661429764353,0,1
22,5,21.745113770546578,1,0
40,0,60.887797084696814,1,1
27,0,49.802704886760324,2,0
61,6,81.74899653208865,2,1
19,7,75.18092928507544,3,0
30,4,72.13651497199648,0,1
57,4,40.64903519319072,1,0
19,3,82.4467357359329,0,1
37,5,14.71521660353751,4,1
18,5,24.36624112889505,1,0
54,2,40.206094568012055,0,1
26,8,16.912669696235316,3,1
34,6,31.149484978122246,3,0
26,0,84.71358846981263,1,0
28,6,95.34263840110714,4,1
32,4,37.414212019677144,3,0
41,4,33.80642235899544,3,0
55,1,35.19033870217842,4,0
52,3,34.99471786157594,0,1
47,5,13.23371639673757,3,1
48,9,93.42247116979973,2,1
66,6,29.232832741329556,3,1
22,4,47.80036666732644,0,1
61,8,10.871819446687097,0,1
67,2,87.21595818235515,1,1
31,0,75.80416100094254,2,0
28,3,95.20804316563328,0,1
26,8,80.34539312767592,4,1
51,3,38.23358608468587,2,0
29,1,32.30860228555813,2,0
52,9,72.79446767979637,4,0
52,4,42.77014975094495,3,1
18,2,60.95935141773549,4,0
57,8,10.56317239238232,4,1
39,3,15.569713151242773,3,1
46,5,58.18311470634861,3,1
25,1,60.94644818033486,3,0
28,5,77.63076500134093,3,0
58,2,21.87687876615656,3,1
54,8,56.18647753811009,4,1
31,1,27.500287998851974,1,1
47,8,18.387650760642522,1,0
52,4,46.94462146544991,0,1
38,7,24.70029832801515,1,0
54,1,29.960378037308672,1,1
22,5,38.57991218825516,4,0
36,2,33.34495606688766,3,1
31,9,17.883216766535178,3,0
43,4,18.092462037373206,4,0
21,7,27.392447371075136,1,0
42,9,14.550326916358506,4,0
62,0,66.38113177092345,0,0
59,4,35.85940448580118,3,0
42,2,35.17713709921639,2,1
35,3,39.879846481398864,0,1
57,1,69.65166467887495,0,1
25,8,88.35704933351414,4,1
56,2,78.31782393000746,1,0
57,1,75.47763072025855,3,1
31,9,53.59520670407643,2,0
49,8,72.44250012706706,0,0
68,6,59.74861312302248,2,0
55,5,29.4625475367876,1,1
50,0,28.772953096694565,1,0
40,4,36.67528061877551,2,1
32,2,91.9722403872832,3,1
50,0,59.26733563417533,1,1
42,3,76.05148393016825,2,1
34,1,41.19028838348928,0,1
50,1,46.694419359870274,2,0
64,2,21.300902077352625,2,0
19,7,25.416546203950332,4,1
31,7,84.4620899343531,1,0
57,6,62.635476851999385,3,1
57,5,40.3779219295437,3,0
68,8,82.25660880959914,4,0
56,3,32.18679150741847,3,0
68,0,97.84294287401835,2,0
23,7,41.03358469715528,4,0
23,6,40.35798587361048,0,0
20,6,38.07207149830347,1,0
24,2,20.990036433185914,1,0
68,3,20.002343259881116,1,0
25,9,68.3294531080711,2,0
59,8,88.76062401022423,0,0
69,5,81.14684592445062,4,0
32,4,22.699683461921598,4,0
64,2,59.10239096128598,1,1
46,8,19.5032391378976,0,0
50,4,14.07651792517697,0,0
69,4,69.07472734462905,0,0
47,3,58.16371003123153,3,0
56,3,17.382131669032375,3,0
44,0,13.14453217653896,1,0
53,6,99.07807720684012,0,1
46,8,12.70191989341647,0,1
55,2,50.00754277451437,4,1
50,1,55.415712214692604,4,0
54,2,20.555213302040055,1,0
44,0,25.215560059574464,0,0
50,5,41.662450576931725,1,1
21,6,78.55082885922964,4,0
39,1,55.637418165424,4,0
19,7,67.41116870976654,3,1
27,5,98.66570995816073,1,1
22,3,79.12048917818886,1,0
27,4,49.092534832709596,0,0
50,7,50.17977296168939,0,0
55,2,65.68948693369045,3,0
30,2,69.88286875770139,2,1
48,3,55.06398332530042,2,0
64,0,68.0375100533482,2,0
53,8,12.11792449726889,1,1
62,7,48.66605775071597,1,0
41,7,35.10442684661291,4,0
69,9,21.625700071879937,1,1
32,5,18.959186152789762,1,1
46,6,64.28729490532007,1,0
25,5,57.12404924373506,3,1
22,8,32.82257052967323,1,1
46,2,52.38550528952631,0,0
64,2,54.30090836641675,0,1
21,2,27.550808239475423,4,0
29,9,68.68837556934855,3,0
62,2,80.28274207474814,0,0
19,8,81.2317186800567,3,0
44,3,64.22228476331095,3,1
48,6,56.047472426711266,4,0
68,8,15.49064287048554,3,0
68,6,35.904816896644526,1,0
53,8,18.394430210035292,3,0
53,2,96.74408447906262,4,1
43,3,22.157213160318463,4,1
60,7,23.659786886599186,4,1
44,5,90.0618956497443,0,0
22,4,94.9535455128812,1,1
37,3,78.92461353114189,0,1
28,7,10.486443130540287,2,0
27,0,10.121164386090733,1,1
57,8,44.02906928087057,3,0
55,0,22.90558330098033,4,1
23,7,11.654752793643755,2,1
25,3,51.76600204640542,1,1
40,8,94.87557076662743,0,1
64,4,39.143761741218825,4,0
43,2,69.50266105858269,0,0
63,8,68.70118178191967,1,1
60,8,32.597209329865095,1,0
29,3,68.53827239414778,2,1
43,3,29.110057685820216,3,1
30,7,20.980667221920015,0,1
57,1,73.12449570037211,2,1
35,8,20.209673539352508,4,1
42,5,99.72182967304198,3,1
50,8,26.51071610352064,2,0
64,7,63.47276764808118,0,0
57,6,47.023711427133044,1,1
60,0,21.37477801651004,4,0
29,2,12.505951681967206,0,1
61,1,66.04590540635499,3,0
53,4,82.60818074102134,3,0
65,4,85.78140953560695,1,0
21,4,53.4442125769241,1,1
22,3,79.97099204641471,4,0
54,4,70.55624201396903,4,1
25,2,75.18290747492199,1,1
59,0,54.33391046996327,1,1
66,4,67.00705662179143,3,0
45,8,82.49733222184513,1,0
48,8,45.80957580013207,2,0
26,3,82.53810107808253,0,1
68,2,63.281515851015655,1,1
46,0,24.931092193370763,4,0
31,1,12.221574150212614,2,1
57,7,42.64782403592368,4,0
58,0,59.202669546670585,2,0
39,7,85.58383169831396,1,0
28,6,21.473711212622156,0,0
40,7,82.01857129152212,4,1
18,5,87.67081414605043,2,0
63,8,23.56187383007504,3,0
54,2,86.64348873737971,1,0
38,9,99.23082110585128,0,0
43,3,75.41549479434138,1,0
63,5,80.62927136424892,3,0
53,7,99.49737408029861,0,0
40,4,64.49331254733508,3,1
18,2,37.709774381462445,1,1
68,5,85.377775066845,2,1
57,3,65.3037199760468,1,1
32,8,62.30758813488609,1,0
38,2,32.827199996263445,1,1
64,3,78.0700842624598,4,1
26,6,17.350054827408663,3,1
26,6,93.18583637151951,3,0
27,3,39.32411146934363,3,1
69,5,21.49971875109914,4,1
43,2,49.812987979217695,2,0
58,5,13.822291833087984,1,1
52,1,71.61635748384697,2,0
69,7,91.24349594008206,4,1
42,1,85.35367064246579,3,0
43,6,21.463252610309297,1,1
28,8,21.364402339695868,0,1
55,0,83.20910340918377,0,1
19,7,93.18288471428043,2,0
24,6,51.460284685014024,3,1
35,5,54.90740052223894,0,0
44,5,38.64358372471533,2,0
51,5,90.48386064307726,4,0
44,8,68.04126147631203,2,0
34,1,35.942641945063166,2,1
60,0,36.89045839488264,2,1
61,5,90.20800657572421,1,1
68,9,11.227062151523931,2,0
41,7,39.04539154539746,2,1
42,2,59.89210130947321,1,0
24,9,23.339571588939215,1,0
69,0,18.28888787796308,4,0
23,8,83.3748697981504,3,1
41,0,90.49639497836566,0,1
50,2,84.12457787183705,0,0
66,7,90.8909100763613,2,1
46,2,59.780077395253436,4,1
60,3,83.10323088913077,2,0
39,7,44.563837455199035,0,0
43,0,69.96410753311346,1,1
45,5,98.9951978250248,3,0
67,0,30.315495145521467,4,0
38,0,45.090977166197256,1,1
66,7,53.204263957907706,3,1
24,3,22.421393831804657,4,0
34,0,17.29347494185511,4,1
37,9,84.67505796894619,0,0
58,6,97.91149355448276,1,0
66,4,46.42525574466928,4,1
37,4,17.888485257518795,4,0
39,0,15.923058462151884,3,0
45,9,90.21863857242688,0,0
57,5,51.74328247549119,2,1
66,8,38.80245849061527,0,1
24,8,52.88151441154596,2,1
18,7,38.64736852231126,1,0
49,4,54.0132197776858,1,0
30,0,87.36007572261431,4,1
47,8,63.30712339558861,1,1
40,0,72.51883955291578,4,1
68,7,42.82036086109029,0,0
36,4,76.46552906594668,1,1
49,2,69.9955376391435,0,0
47,6,20.76057979768508,0,1
46,6,61.53785678040261,1,0
66,8,33.10691466787822,0,0
62,6,82.36861026702336,1,1
46,2,48.334393762024554,1,0
47,0,99.52157486768384,1,1
33,7,18.32503941450674,2,0
57,2,80.23130764661427,0,0
36,7,70.63315601879408,3,1
35,7,79.07489475316349,1,0
18,4,37.67768159414107,0,1
31,0,54.28490404441605,4,1
68,9,81.68576677513376,1,1
64,6,30.928719845876948,1,0
67,9,30.342987710978687,3,0
19,4,59.59458579654391,2,0
45,7,57.12072215768702,2,1
66,8,35.40362233716395,1,1
67,6,36.82680854723405,0,0
47,6,35.0060646885909,4,0
55,0,79.43608557986389,4,1
68,3,68.67107790062146,0,0
21,1,84.91754650692275,1,1
18,1,97.79257254826196,4,0
25,1,52.67478666447878,2,1
46,3,16.002449326490396,0,0
56,0,14.328307937083189,3,0
20,3,36.60985353444572,1,1
49,1,93.92901304172058,0,1
27,4,57.08917494737874,4,1
27,2,34.460786447211625,1,0
36,7,45.92501150599176,2,1
63,3,63.87355966642037,1,1
51,0,68.7654692324058,1,0
50,0,23.85275588046145,2,1
40,9,97.93285088906583,2,1
45,2,59.029500428450994,1,1
49,8,22.21194860130514,2,0
67,6,90.42717280115204,0,0
24,1,16.71745879714859,2,0
46,8,91.69618898597615,2,1
25,9,99.69090906600842,1,0
18,1,73.03886192408535,0,1
20,2,79.34024989665907,3,1
41,9,40.35725528207377,3,1
40,1,94.74191674605405,4,0
25,2,57.67425694975309,2,0
64,5,75.91496019377993,2,1
54,8,93.16969443201515,0,1
20,8,97.76619783779574,3,0
68,6,84.9883920937007,4,0
50,2,37.2715756283827,0,0
45,3,96.98927648968741,2,1
64,5,66.53075781192146,3,0
25,4,93.75782287167638,4,0
51,1,70.84945232329167,1,0
52,5,37.65150656629484,3,1
49,2,43.302207172853436,4,0
41,7,59.542459939264646,0,1
31,1,81.10133574038937,1,1
49,0,38.618429620630145,4,1
63,8,62.175804952077286,4,0
60,2,41.106249421876136,2,0
33,0,83.41924641715964,3,0
21,6,52.00552843911554,2,1
69,9,16.905054416759672,1,0
54,4,24.944726933338274,4,1
38,4,15.499420085766907,2,0
31,0,54.937265141289274,3,0
48,8,19.570356761340445,1,0
65,6,20.27259723786689,0,0
35,7,94.69434340345393,2,1
24,8,88.53895649584499,1,1
27,5,50.68779371302294,0,1
24,4,98.72247887651852,2,1
50,5,10.016787535359681,1,0
40,1,65.25815106460544,1,1
38,3,65.4785359634683,2,1
36,2,51.16987502828994,1,1
65,6,45.72531756408635,4,0
36,8,50.984482193254685,2,1
53,4,47.34643924717124,1,1
46,5,75.74432297340695,0,0
35,9,22.181989147595566,0,0
19,1,27.787529853201715,4,1
18,2,26.246640555318123,2,1
64,2,33.622352660913805,1,0
22,8,57.2732576903425,1,1
37,6,20.008787260439686,0,0
28,7,88.13523657938536,4,1
59,9,36.76253781776251,0,1
19,8,24.628418872183705,0,1
20,5,70.8059178638419,4,1
40,3,13.427767053938735,2,1
29,0,65.79717083867477,1,0
37,7,72.83785876088498,2,0
22,6,29.342487824804728,3,1
54,1,13.776766609927085,3,1
55,7,42.728082302750465,3,1
47,4,18.873480721774282,4,0
26,6,20.483006470600337,0,0
51,3,32.883510830037814,2,0
61,4,36.592113216408336,1,0
52,7,57.69733069192785,3,0
69,0,71.05526969527118,2,0
39,0,63.34938467831663,3,0
61,3,23.352430356056512,3,0
41,2,25.48774292073638,1,1
34,9,89.0892324813623,4,0
27,1,60.251708355770226,0,0
47,2,88.29440496079201,4,0
63,0,43.439186018788696,2,0
40,0,65.29600066881915,4,1
49,5,57.12970744491497,2,0
34,4,38.721114083841634,2,1
67,7,52.292383483023585,0,1
68,1,55.22417891442389,1,1
34,3,28.069387728101074,0,0
31,7,38.350933513905844,4,0
26,5,81.2268775456278,2,0
57,0,92.42094155087145,3,1
19,3,42.38146841907695,3,1
62,0,37.627505398811635,2,1
42,1,27.567744811469428,0,1
56,4,71.06420517855231,1,0
26,7,39.07897314997035,0,0
39,7,98.89745851892697,2,0
60,2,39.31163218575579,2,1
63,3,45.472244210436536,1,1
21,9,64.30007765908313,4,0
43,5,82.15158638721745,4,0
46,9,52.25667988110703,1,1
62,2,48.03904304100625,4,0
51,1,99.60740502353275,3,0
40,5,10.944427702595,4,1
54,4,90.55587599661212,4,1
28,9,23.422674334576367,4,1
23,4,80.7332748588022,3,0
35,9,65.61384038616681,4,1
38,4,40.76625569482829,3,0
59,9,88.64874599689165,1,0
53,4,11.161650518289278,0,1
58,2,30.40215868674313,1,0
55,6,61.020351662458246,0,1
51,5,41.638803404472824,1,1
34,3,64.93397457864948,0,0
54,1,12.169917406780014,0,0
42,8,20.481303743354125,2,1
55,0,21.43866161965953,0,1
29,3,27.03552813244085,0,1
40,0,51.33982967204885,2,1
59,5,77.6915829589214,4,1
39,3,91.4984954136011,4,1
38,4,85.18352772558215,2,0
44,4,27.71990845981152,3,0
48,8,49.703549700756916,0,0
23,0,27.94704379826815,0,0
44,1,33.80246350004717,2,1
57,5,55.319228336069756,2,0
51,4,16.12981222511703,3,0
29,6,29.63568966339459,4,1
62,2,94.18403451764055,1,0
24,2,51.95046633926401,4,1
27,9,50.084787338008496,0,1
62,1,11.311043927615101,2,1
34,2,32.26597723525112,3,1
43,9,87.96631923839632,4,1
38,0,24.816558543280188,3,0
45,4,47.361244558124895,4,0
63,4,11.289781528030113,0,0
19,6,53.05019335035003,1,1
60,3,11.891899605359544,3,0
18,2,83.76485977592199,3,0
68,0,84.23683907383932,1,0
53,7,80.89679694721329,3,0
68,2,35.50276620020064,3,1
43,1,85.35134963996363,4,0
46,3,58.869831934474234,4,1
38,2,43.64272979803022,1,1
28,0,66.27969637338097,0,0
57,2,11.11069414543366,3,1
28,1,22.866478984067694,0,1
53,7,76.80641843532365,1,1
66,5,31.97454478445377,1,1
56,8,63.82082055958747,4,1
57,7,44.65923425407267,3,1
52,9,86.93252009193353,2,1
51,2,95.71737753969792,1,0
64,4,89.52082555331714,3,0
41,6,34.3557995224237,0,1
39,4,27.474658214147404,4,1
22,7,52.69914042586615,0,0
50,4,10.660073575256225,1,0
53,0,12.322845357686356,1,0
64,4,59.79615756607001,0,0
37,3,56.84044637487574,1,1
36,5,99.5123790131734,3,1
52,2,28.16576518273823,1,0
69,4,33.22935362444216,4,0
60,1,20.2186578093658,3,0
34,5,92.57887086883701,2,0
62,5,80.00301200126057,1,1
60,4,84.01052003111627,1,0
51,5,91.24874091680579,4,0
26,6,57.24099880532545,4,0
43,4,50.60738723056513,0,1
19,0,39.73523262990548,0,1
26,7,63.02931529130699,0,1
26,3,50.88505571108403,4,0
57,8,50.64090279450176,0,0
34,9,94.32350773580251,0,0
18,5,98.56283628512172,2,1
42,0,81.68359503966226,0,1
60,2,78.10822812222355,1,0
57,2,71.25023456011913,4,0
59,9,24.946736710016236,3,1
42,3,15.319523878808907,2,0
56,5,72.16536836019368,4,0
52,6,75.59076000309183,4,0
20,9,14.227569198832581,1,1
67,3,93.52465752059634,0,0
54,5,18.20265755002098,1,0
61,0,35.731048039408215,0,0
61,7,70.5150831518834,0,0
68,6,25.28853349640287,4,1
47,8,14.987429959801998,0,1
55,2,39.80318402477348,2,1
51,1,78.93744173696612,2,0
29,0,47.23108110867343,2,1
36,2,68.76756297171454,4,0
54,4,62.1657187505323,1,1
61,1,11.999663382302238,3,0
66,2,98.9685988341136,0,1
34,3,13.728527993744898,3,1
27,6,97.10224638836365,1,1
66,2,59.48777605279584,1,0
64,8,96.68431243585599,4,0
29,7,20.32782394724519,2,0
33,3,54.13676672669619,2,1
41,0,25.25536826794528,1,0
36,0,14.587738932019818,4,0
25,0,65.57762035560805,4,0
48,0,28.70050788655223,0,0
38,7,62.89273164587914,2,0
34,2,20.112803375408706,1,0
40,5,39.878782428943246,3,1
54,2,80.34693022479225,2,1
33,4,49.33463696579689,0,0
23,6,66.49708734076027,4,1
25,1,68.27121466709913,1,1
42,5,85.93795395885643,2,0
35,5,39.243051496597715,3,0
42,2,71.85660063242658,0,1
29,5,96.54542263415492,0,0
32,9,75.72190009220812,2,1
43,9,54.088342904597006,3,1
58,4,66.76457000427364,0,1
62,1,76.57146079867974,1,0
43,8,65.10481891244852,0,1
64,7,11.500823214085523,3,0
49,2,27.529614791850328,4,0
27,7,82.94213954939194,4,0
33,8,34.53855825812362,2,0
24,2,75.84059076050205,3,0
34,2,43.490819371752885,0,1
40,1,56.96958953421488,0,0
43,7,16.11759698374633,4,0
38,9,26.31030049447386,4,0
39,0,96.14772671673111,1,0
24,7,90.11242481022227,4,0
31,6,68.70475998091452,1,1
32,6,51.368013764716366,0,0
24,2,70.81851636057014,1,0
26,0,65.67492601845451,1,1
68,3,61.16970300441509,2,0
65,8,15.325936467718764,4,1
25,4,66.95223495953562,1,1
67,0,79.20280401140515,0,1
40,4,99.46734891810179,3,1
46,7,10.997069733487871,1,0
35,7,75.71561079796089,4,0
48,4,61.46103843423824,2,1
47,8,49.0646958472861,0,1
69,0,21.481315711423377,2,0
56,3,46.81766337713886,3,1
52,2,41.893946468752176,1,1
35,1,37.2546900080868,1,1
59,7,75.77916609899869,4,0
56,6,73.06529691558374,1,1
34,8,63.01180818828204,0,0
31,1,94.4798331964035,3,0
48,3,41.4868945762769,2,0
41,5,31.942174393916158,3,1
52,2,69.03129817885596,1,1
61,7,27.893265484366264,2,0
62,2,38.350945646508215,4,0
51,1,30.214219606739636,3,0
20,2,16.223821094665112,2,1
54,5,84.4748867472106,2,1
60,1,32.908648862949505,2,0
57,7,52.57247530087186,0,0
43,0,13.898374592888075,3,1
40,6,72.94055196273789,2,0
61,1,39.75049020756617,3,1
56,9,77.0263055046289,2,1
32,5,47.11627544210795,4,0
66,1,27.618004576506216,4,0
21,1,56.18575740538323,4,1
46,9,21.74541036736958,1,1
39,7,49.64852438856953,2,1
42,1,38.557492967843785,1,1
30,6,92.07636257796699,3,1
35,2,15.483584954864796,1,0
50,7,72.46156726951678,3,1
33,6,26.447604938869233,3,1
62,7,38.71405668990158,3,1
59,6,47.39626567558594,1,0
61,5,91.72135804374768,2,0
19,6,31.832043946644262,1,1
52,4,18.21779222902032,2,1
59,6,38.68206435914713,2,0
51,0,19.420837348198003,3,0
47,0,21.573683736449727,1,0
30,8,61.646553817752405,2,0
30,4,15.481173978954399,4,1
35,4,12.783779325420943,2,0
49,2,74.2972691323448,4,1
49,4,42.548238535694004,1,1
52,2,21.283781431048595,1,0
56,8,32.82514937737374,1,0
63,8,67.78778566171592,2,0
69,5,34.7982910426766,0,0
46,0,54.50690126083671,2,1
66,6,20.952577605400506,2,1
46,6,62.92842738449023,3,1
61,9,38.446991545893766,3,0
33,9,66.42715910758449,2,1
61,3,82.75553940736206,4,0
64,7,65.04817774509932,3,1
27,5,36.61728063355186,2,0
47,3,33.01693313934704,0,1
42,3,39.46788628601032,4,1
56,1,24.815846191285434,1,0
37,1,26.305466576501807,2,1
22,3,81.1621991710151,2,1
18,4,44.62593188567005,4,0
47,7,49.23956625135273,3,0
66,5,63.46445190101301,3,0
20,3,63.068814563639286,3,0
62,6,16.063918436973317,1,0
31,7,84.83867077038991,4,1
47,1,25.959389790154546,4,0
67,6,75.0764472444702,3,1
21,1,79.54038893153499,3,1
35,1,74.34095806821823,0,0
54,7,62.10798818987307,0,1
42,1,11.314809739799458,2,1
65,8,42.433794312685365,2,0
18,0,64.43554864263231,4,1
63,8,44.87061663302848,4,0
32,0,87.71319054215317,1,0
26,9,37.79220478146538,1,0
32,9,36.41813132127944,0,1
66,1,33.93979237833922,2,1
41,5,39.950278206471594,0,1
21,5,60.16644678827684,0,1
29,0,73.63137648453318,2,0
54,6,69.63111259649065,1,1
54,7,82.69460379833316,2,0
60,1,89.73225959476824,3,1
23,7,83.44711381090161,3,1
56,8,11.705086303691912,3,1
63,5,76.23261581967898,4,1
41,4,28.755961625649846,1,1
28,8,21.963523843718438,1,0
30,8,67.4639906319222,4,1
51,0,38.776887586692546,0,1
42,2,15.140544703339893,3,1
24,8,22.386676095852522,3,1
69,1,10.083647518296496,0,0
21,3,91.29012646102366,2,1
25,3,12.215618545711473,2,0
37,1,28.851019255855995,1,1
46,2,47.46365026191166,4,0
68,2,42.09141933557372,1,0
62,0,92.05532892214981,2,0
63,5,13.62600511610879,0,0
27,7,56.09932369093464,1,0
60,2,71.24315162719365,3,1
51,4,93.85281763130519,3,0
43,0,65.8334126911349,0,1
58,9,82.33797124105864,2,0
66,6,17.535244406081357,3,0
20,9,44.734555984323464,3,1
23,0,43.65524210311607,4,0
22,8,89.76593948101458,1,0
22,7,23.623405413694744,2,0
64,6,23.669755510296724,1,0
40,9,39.57023348972186,2,1
66,6,14.901944263015382,3,0
26,4,26.421223658724106,4,0
52,4,96.86886746911617,1,1
37,4,48.536554588045554,3,1
66,0,66.88172875801928,2,0
59,7,75.35001334101733,1,0
52,0,43.02652663064804,1,1
67,3,23.250436696946526,3,0
35,8,28.592291459960276,1,1
34,8,38.19398289225493,4,0
41,4,67.24615783170032,4,1
20,3,45.845249418014895,3,1
49,2,10.61332281101153,2,1
52,2,57.10664665607247,3,0
55,4,92.9362052716676,4,0
30,9,83.08698499078112,0,0
64,0,84.2690234133668,0,0
42,4,81.5552215845518,1,1
26,5,39.13577430493813,1,1
21,6,78.86744503789528,0,1
31,8,22.884522203007368,4,0
54,2,69.19445325483582,1,0
51,1,67.74117100164949,3,0
28,2,12.30128191807612,3,1
58,8,80.91731202318384,4,0
20,6,91.29232945856175,1,0
45,8,34.06737506248969,3,1
46,1,83.11516517675358,1,1
26,4,17.41653746757534,1,0
20,3,63.99710724349594,3,1
42,1,53.708217880084945,0,0
51,8,59.133117997810004,3,1
29,8,93.35846816959106,4,1
59,5,88.41837225221681,2,1
26,5,80.65752915157813,3,0
32,7,34.63286119105339,1,0
57,5,92.06367658174825,1,0
42,0,18.77569232174877,3,1
22,3,86.7996294902909,2,1
28,6,39.5344065118247,3,1
51,1,14.839508049578503,2,1
41,8,70.24212858166734,2,0
32,7,30.815193548435992,4,0
55,7,31.921401327816874,1,0
25,6,37.54424496058943,1,1
22,3,15.731629075226506,2,1
65,1,25.941442977842865,1,0
43,2,10.462566482700428,0,1
35,5,50.08685689952081,2,0
23,4,17.582983967617416,1,1
54,7,71.43873445397791,0,1
65,5,31.206056607248353,4,0
30,5,94.92167296316595,1,0
45,0,88.41264646587874,0,1
22,3,36.04968054713874,3,0
30,4,80.48939091910108,3,0
34,2,82.29204141983256,0,1
67,8,98.79068027029695,2,1
57,0,63.80559881611165,2,1
62,5,17.376916117929596,1,0
49,5,68.21535060337429,3,1
46,9,66.24817735384318,2,1
68,4,67.45155196783885,2,1
20,4,37.64310832937904,3,1
57,9,87.37116265722996,4,1
51,4,96.35249646598707,2,0
57,5,29.594126168033636,0,1
44,7,17.933694232298002,1,1
30,1,27.50815298516357,2,0
62,5,83.84969253301469,2,1
50,0,70.89801713378627,4,1
23,3,67.2442608105214,0,0
41,9,46.1613821598482,1,1
36,2,62.00451743602922,2,0
33,8,37.70867127469307,1,1
57,2,52.948007147616515,3,0
45,5,81.37567255335902,2,0
50,0,98.3117437709916,2,1
65,5,93.92400312308217,3,0
58,3,94.04793485616239,4,0
30,7,46.20013613624011,2,1
60,8,52.19108924561118,1,1
62,3,73.50718567320834,0,0
42,9,92.99727352461558,1,1
59,9,22.77948334168762,4,0
53,5,37.381767744447615,0,0
44,0,22.532216013469856,1,1
55,3,65.08076769635097,1,1
24,6,37.567089719878375,3,0
22,0,39.349706726131615,4,1
60,7,16.38243635391813,3,1
62,9,41.481645562683276,0,0
68,5,87.62468566614268,3,0
48,4,30.976553070175147,4,0
40,9,72.5668719589059,2,0
59,8,66.66655104447334,2,0
27,1,87.71361475322038,0,0
49,4,21.90591528859344,2,1
60,5,97.9830964310539,3,0
47,6,62.4365781436329,0,1
56,4,99.5926737112133,4,1
48,8,92.03632532792658,0,0
35,0,29.93655449017952,0,1
53,6,15.05458089129818,1,0
19,9,33.00751844158254,1,1
31,6,57.48072840994779,0,0
30,3,25.4436730358671,2,0
46,8,25.071377006618967,1,0
29,4,51.63341923946378,4,0
56,3,12.994117405242259,3,1
19,6,20.96992742790434,1,1
49,3,47.42752054671528,0,1
30,2,15.681691828716982,2,1
63,8,45.70795508099764,3,1
44,7,52.66056393536006,1,0
66,0,50.6139952665803,2,0
58,6,88.22573716627785,2,0
34,8,57.70562095465592,2,0
57,7,52.118241623023906,0,0
48,7,46.963832085249955,4,1
51,5,83.58610404740375,2,0
41,3,90.55509435998498,3,0
62,7,86.79182222774058,1,1
52,2,70.61919203182518,3,1
65,8,22.36255713718068,0,0
23,1,34.9182972542811,0,0
36,1,14.145675731377969,3,1
47,6,93.77416674911026,4,0
24,9,69.47186767218193,0,0
27,3,77.17265958819173,0,0
58,9,38.041456562400604,3,1
49,7,86.10881700496081,0,0
51,8,33.36429553376307,4,0
45,6,10.147938140120472,4,1
32,4,43.877346626862455,4,1
47,7,61.368533286316605,1,1
54,3,53.083437216897025,4,0
46,1,87.58685283189374,4,1
39,5,19.486475736055024,1,0
21,8,59.844109657035304,2,1
37,0,56.16814148388167,0,0
49,9,35.32536839549467,4,1
53,6,84.00053013193094,0,0
67,9,77.75637902939856,3,0
21,8,75.95732685986479,0,1
44,9,88.85732304426004,1,1
34,8,75.0506140559369,0,0
29,9,30.86571625432538,0,1
39,2,73.5006440484722,0,0
34,4,37.693253205085945,2,1
27,7,31.79571853127235,2,1
18,7,16.57032336096646,3,0
39,3,76.9625722312909,1,1
43,0,73.990086575483,0,1
35,0,31.104952990668437,0,0
67,3,77.44411150517404,0,0
31,5,92.60567947841977,0,1
64,7,19.722606174242134,2,0
46,5,30.937297454809745,3,1
29,8,77.5234714678584,4,1
53,8,34.70560061563704,1,0
52,1,66.21975768553452,0,0
69,9,17.304780201734307,3,0
29,0,50.698223119318484,4,0
24,1,76.51822797936578,3,0
46,4,71.78625487389273,2,0
28,3,83.35648906082261,4,1
50,3,88.9706913942852,3,1
23,8,79.58651511328824,2,0
64,7,70.44289686450334,3,1
32,5,12.855024263442804,3,1
49,0,58.147000606849964,4,1
68,1,13.392795242336751,2,1
28,5,82.72610354044204,0,0
40,1,38.86520720139618,1,1
43,9,60.61864367061288,4,1
51,4,35.150077658701235,2,0
63,4,80.42501299422642,3,0
51,5,89.78522739777122,2,0
46,5,45.87782447917576,1,0
21,5,87.66301541598901,1,1
34,1,34.03675067106992,0,0
52,9,58.119483076797145,0,1
30,2,87.28852868548336,1,1
58,5,39.329320835421136,4,0
56,7,95.86380385702772,4,0
32,0,20.969155160324526,3,0
46,0,11.644756275115562,0,0
46,1,91.37218173203716,3,0
28,5,16.1783799533085,0,0
69,8,99.27002763527425,1,1
49,3,95.62571757811955,4,1
19,2,22.331881903268858,4,1
64,7,58.382616312330924,1,1
31,9,26.64282677204299,3,0
37,8,48.533965572710784,3,0
39,4,15.528261633384941,2,1
28,8,30.153212901693056,0,1
44,1,42.69455167590096,3,1
20,2,49.478275022144935,1,0
34,6,97.97466323880039,3,0
61,6,82.70790811155831,4,0
45,5,76.36689498807516,0,1
46,5,58.333718326777685,2,1
38,1,85.5997984543909,0,0
64,9,40.539055209013995,4,0
33,5,73.80092014959844,4,1
54,3,99.44055778403549,4,1
37,2,38.31660180416789,4,0
23,1,70.66157813955707,1,1
36,0,85.98833777371442,2,0
22,4,92.4226825015605,4,0
20,1,74.61394218460916,4,1
18,1,35.52471310754226,3,1
55,6,39.36539364120518,2,1
32,7,11.86822289115678,0,0
51,9,78.47973799043586,2,1
52,7,13.846564545575625,2,1
66,3,87.81871191424712,2,0
42,0,20.67945530270849,4,0
41,6,25.468886092233184,4,1
29,0,52.88738237490136,1,0
35,3,76.40923736518681,0,0
32,7,22.510198467916993,3,0
61,1,49.60639675598486,2,1
33,5,53.45661469690943,0,1
44,5,29.10570775017322,0,0
25,8,20.400253901256857,1,0
63,4,85.27788306870755,3,0
42,9,55.2219084786489,2,1
34,3,11.294311238573767,3,0
46,4,82.26831711781935,1,0
25,9,98.27144248731264,4,1
32,4,64.53335758728225,0,0
44,7,55.33375483756637,2,1
63,9,89.05742767404655,4,1
67,7,95.72651107161387,1,1
69,1,77.90832243122145,3,0
24,6,50.090763676085906,0,0
20,7,63.29992593982964,2,1
